Species,EnvTemp,IUCN_Code
Acanthuridae,NA,NA
Acanthurus sohal,tropical,LC
Alepes djedaba,subtropical,LC
Alosa aestivalis,subtropical,VU
Alosa pseudoharengus,temperate,LC
Ambassidae,NA,NA
Amblygaster sirm,tropical,LC
Ammodytes personatus,temperate,N.E.
Ammodytes spp,NA,NA
Amphichthys cryptocentrus,tropical,LC
Anchoa nasus,tropical,LC
Anodontostoma chacunda,tropical,LC
Aphia minuta,subtropical,N.E.
Apogonidae,NA,NA
Arctoscopus japonicus,deep-water,N.E.
Ariomma indica,NA,NA
Arripis georgianus,NA,NA
Atherina boyeri,subtropical,LC
Atherinidae,NA,NA
Atrobucca nibe,deep-water,LC
Atule mate,tropical,LC
Barbourisia rufa,deep-water,LC
Batrachoididae,NA,NA
Benthosema pterotum,deep-water,LC
Blicca bjoerkna,temperate,LC
Boops boops,subtropical,LC
Boreogadus saida,polar,N.E.
Bothidae,NA,NA
Bothus pantherinus,tropical,LC
Brachydeuterus auritus,tropical,NT
Brama australis,temperate,N.E.
Bregmaceros mcclellandi,subtropical,N.E.
Brevoortia aurea,subtropical,LC
Brevoortia patronus,subtropical,LC
Brevoortia pectinata,subtropical,LC
Brevoortia tyrannus,subtropical,LC
Caesionidae,NA,NA
Caproidae,NA,NA
Capros aper,subtropical,LC
Caranx rhonchus,subtropical,LC
Centriscops humerosus,deep-water,LC
Cephalopholis boenak,tropical,LC
Cephalopholis fulva,subtropical,LC
Cephalopholis hemistiktos,tropical,LC
Cephalopholis miniata,tropical,LC
Cetengraulis mysticetus,subtropical,LC
Chaenodraco wilsoni,polar,N.E.
Champsocephalus esox,temperate,N.E.
Channichthyidae,NA,NA
Channichthys rhinoceratus,polar,N.E.
Cheilodactylus variegatus,subtropical,N.E.
Chirocentrus nudus,tropical,LC
Chlorophthalmidae,NA,NA
Chloroscombrus orqueta,subtropical,LC
Citharichthys sordidus,temperate,N.E.
Citharidae,NA,NA
Clupanodon thrissa,tropical,LC
Clupea harengus,temperate,LC
Clupea pallasii,NA,NA
Clupeoidei,NA,NA
Clupeonella cultriventris,temperate,LC
Coelorinchus chilensis,deep-water,N.E.
Cololabis saira,subtropical,N.E.
Conodon nobilis,subtropical,LC
Coregonus albula,temperate,LC
Cottidae,NA,NA
Crenidens crenidens,subtropical,LC
Ctenolabrus rupestris,temperate,LC
Cynoglossidae,NA,NA
Cynoscion analis,subtropical,LC
Cynoscion jamaicensis,subtropical,LC
Cyprinidae,NA,NA
Decapterus maruadsi,tropical,LC
Decapterus russelli,tropical,LC
Decapterus spp,NA,NA
Dentex angolensis,deep-water,NT
Diapterus auratus,tropical,LC
Dicologlossa cuneata,subtropical,LC
Diplodus annularis,subtropical,LC
Diplodus argenteus,subtropical,LC
Drepane africana,tropical,LC
Dussumieria acuta,subtropical,LC
Dussumieria elopsoides,subtropical,LC
Electrona carlsbergi,deep-water,LC
Emmelichthyidae,NA,NA
Encrasicholina punctifer,tropical,LC
Engraulidae,NA,NA
Engraulis anchoita,subtropical,NT
Engraulis encrasicolus,subtropical,LC
Engraulis japonicus,temperate,LC
Engraulis mordax,subtropical,LC
Engraulis ringens,subtropical,LC
Epinephelus merra,tropical,LC
Ethmalosa fimbriata,tropical,LC
Ethmidium maculatum,tropical,DD
Etmopterus spinax,deep-water,LC
Etrumeus teres,NA,NA
Etrumeus whiteheadi,subtropical,LC
Eucinostomus melanopterus,subtropical,LC
Eutrigla gurnardus,temperate,N.E.
Exocoetidae,NA,NA
Gadiculus argenteus,temperate,N.E.
Gasterosteus aculeatus,subtropical,LC
Genyonemus lineatus,subtropical,LC
Gerreidae,NA,NA
Gerres nigri,tropical,LC
Gerres oblongus,tropical,LC
Gerres oyena,tropical,LC
Glossanodon semifasciatus,temperate,N.E.
Gobiidae,NA,NA
Grammoplites suppositus,subtropical,LC
Gymnocephalus cernuus,NA,NA
Harpadon nehereus,tropical,NT
Hemiramphus balao,subtropical,LC
Hemiramphus brasiliensis,subtropical,LC
Herklotsichthys quadrimaculat.,NA,NA
Holocentridae,NA,NA
Hoplostethus mediterraneus,subtropical,LC
Hypomesus pretiosus,temperate,N.E.
Hypoptychus dybowskii,temperate,DD
Hyporhamphus sajori,temperate,N.E.
Ilisha africana,tropical,LC
Ilisha elongata,tropical,LC
Isacia conceptionis,subtropical,LC
Isopisthus parvipinnis,tropical,LC
Konosirus punctatus,subtropical,LC
Labridae,NA,NA
Lactarius lactarius,tropical,N.E.
Lampanyctodes hectoris,tropical,LC
Larimichthys polyactis,subtropical,LC
Larimus breviceps,tropical,LC
Leiognathidae,NA,NA
Leiostomus xanthurus,subtropical,LC
Lepidoperca pulchella,temperate,N.E.
Lepidorhombus boscii,temperate,N.E.
Lepidotrigla brachyoptera,temperate,N.E.
Lethrinus borbonicus,tropical,LC
Lile stolifera,tropical,LC
Limanda limanda,temperate,LC
Liza klunzingeri,NA,NA
Liza saliens,NA,NA
Lutjanus quinquelineatus,tropical,LC
Macrodon ancylodon,subtropical,LC
Macroramphosus scolopax,subtropical,LC
Mallotus villosus,polar,N.E.
Maurolicus muelleri,deep-water,LC
Mene maculata,subtropical,N.E.
Menidia menidia,temperate,LC
Menticirrhus saxatilis,subtropical,LC
Merluccius albidus,deep-water,LC
Merluccius angustimanus,subtropical,LC
Merluccius productus,temperate,LC
Microgadus tomcod,temperate,LC
Micromesistius australis,temperate,N.E.
Micromesistius poutassou,temperate,N.E.
Monacanthidae,NA,NA
Moridae,NA,NA
Mugil curema,subtropical,LC
Mugil incilis,tropical,LC
Mullidae,NA,NA
Mulloidichthys flavolineatus,tropical,LC
Mullus argentinae,subtropical,N.E.
Mullus barbatus,NA,NA
Mullus surmuletus,subtropical,LC
Myctophidae,NA,NA
Nematalosa nasus,tropical,LC
Nemipteridae,NA,NA
Nemipterus japonicus,tropical,LC
Nemipterus virgatus,tropical,VU
Normanichthys crockeri,tropical,N.E.
Notopogon lilliei,temperate,LC
Oblada melanura,subtropical,LC
Odontesthes regia,tropical,LC
Oligoplites refulgens,tropical,LC
Opisthonema libertate,tropical,LC
Opisthonema oglinum,tropical,LC
Orthopristis chrysoptera,temperate,LC
Osmerus eperlanus,temperate,LC
Osmerus mordax,temperate,LC
Ostraciidae,NA,NA
Pagellus acarne,subtropical,LC
Pagellus bellottii,subtropical,LC
Patagonotothen brevicauda,temperate,N.E.
Patagonotothen ramsayi,temperate,N.E.
Pelates quadrilineatus,subtropical,N.E.
Pellona ditchela,tropical,LC
Pennahia anea,tropical,LC
Pennahia argentata,temperate,LC
Pentaceros decacanthus,deep-water,LC
Pentanemus quinquarius,tropical,VU
Peprilus paru,subtropical,LC
Peprilus simillimus,subtropical,LC
Peprilus triacanthus,subtropical,N.E.
Petromyzontidae,NA,NA
Phycis chesteri,temperate,N.E.
Platycephalidae,NA,NA
Plectorhinchus macrolepis,tropical,LC
Pleuragramma antarcticum,NA,NA
Pomacanthidae,NA,NA
Pomadasys stridens,tropical,LC
Priacanthus macracanthus,subtropical,LC
Prolatilus jugularis,subtropical,N.E.
Psenopsis anomala,tropical,LC
Pseudopentaceros wheeleri,NA,NA
Pseudotolithus elongatus,tropical,LC
Pterogymnus laniarius,subtropical,LC
Pteroscion peli,tropical,LC
Pterothrissus belloci,NA,NA
Pterygotrigla picta,deep-water,N.E.
Rastrelliger brachysoma,tropical,DD
Rastrelliger kanagurta,tropical,DD
Rhabdosargus haffara,tropical,LC
Rioraja agassizi,NA,NA
Sardina pilchardus,subtropical,LC
Sardinella aurita,subtropical,LC
Sardinella gibbosa,tropical,LC
Sardinella lemuru,tropical,NT
Sardinella longiceps,tropical,LC
Sardinella maderensis,subtropical,VU
Sardinella spp,NA,NA
Sardinella zunasi,subtropical,LC
Sardinops caeruleus,NA,NA
Sardinops melanostictus,NA,NA
Sardinops ocellatus,NA,NA
Sardinops sagax,subtropical,LC
Scomberoides tol,tropical,LC
Scophthalmus aquosus,temperate,N.E.
Scorpaena porcus,temperate,LC
Scorpaenidae,NA,NA
Sebastes diploproa,deep-water,N.E.
Sebastes viviparus,temperate,N.E.
Selar crumenophthalmus,subtropical,LC
Selaroides leptolepis,tropical,LC
Serranus atricauda,temperate,DD
Serranus cabrilla,deep-water,LC
Sillaginidae,NA,NA
Sillago sihama,tropical,LC
Soleidae,NA,NA
Sphoeroides maculatus,temperate,LC
Spicara maena,subtropical,LC
Spratelloides gracilis,tropical,LC
Sprattus fuegensis,subtropical,LC
Sprattus sprattus,temperate,LC
Stephanolepis cirrhifer,temperate,LC
Strangomera bentincki,subtropical,LC
Stromateidae,NA,NA
Stromateus brasiliensis,subtropical,N.E.
Symphodus melops,temperate,LC
Synagrops japonicus,deep-water,LC
Synodontidae,NA,NA
Tautogolabrus adspersus,temperate,LC
Tenualosa ilisha,tropical,LC
Tetraodontidae,NA,NA
Thaleichthys pacificus,temperate,LC
Trachichthyidae,NA,NA
Trachinidae,NA,NA
Trachurus japonicus,tropical,NT
Trachurus lathami,subtropical,LC
Trachurus murphyi,subtropical,DD
Trachurus spp,NA,NA
Trachurus trachurus,subtropical,VU
Tragulichthys jaculiferus,tropical,N.E.
Trematomus eulepidotus,polar,N.E.
Triglidae,NA,NA
Tripterophycis gilchristi,deep-water,N.E.
Trisopterus esmarkii,temperate,LC
Trisopterus luscus,temperate,N.E.
Trisopterus minutus,temperate,N.E.
Umbrina canosai,subtropical,N.E.
Uranoscopus scaber,subtropical,LC
Urophycis brasiliensis,subtropical,N.E.
Xyrichtys novacula,subtropical,LC
Zoarces viviparus,temperate,N.E.
